{
  "Home/public/img/Arrow-r.png-450" : {
    "transaction" : "Home/public/img/Arrow-r.png-450",
    "sampleCount" : 100,
    "errorCount" : 0,
    "errorPct" : 0.0,
    "meanResTime" : 20.08,
    "medianResTime" : 15.0,
    "minResTime" : 6.0,
    "maxResTime" : 75.0,
    "pct1ResTime" : 38.900000000000006,
    "pct2ResTime" : 52.74999999999994,
    "pct3ResTime" : 74.88999999999994,
    "throughput" : 1.006866831792827,
    "receivedKBytesPerSec" : 0.9341049709015485,
    "sentKBytesPerSec" : 0.4552532647657021
  },
  "Home/public/img/Arrow-l.png-448" : {
    "transaction" : "Home/public/img/Arrow-l.png-448",
    "sampleCount" : 100,
    "errorCount" : 0,
    "errorPct" : 0.0,
    "meanResTime" : 22.689999999999987,
    "medianResTime" : 16.5,
    "minResTime" : 6.0,
    "maxResTime" : 156.0,
    "pct1ResTime" : 48.0,
    "pct2ResTime" : 54.94999999999999,
    "pct3ResTime" : 155.1899999999996,
    "throughput" : 1.0069175233856595,
    "receivedKBytesPerSec" : 0.9400519065983305,
    "sentKBytesPerSec" : 0.4552761848901956
  },
  "Home/complete/search-445" : {
    "transaction" : "Home/complete/search-445",
    "sampleCount" : 100,
    "errorCount" : 100,
    "errorPct" : 100.0,
    "meanResTime" : 417.15999999999997,
    "medianResTime" : 409.0,
    "minResTime" : 257.0,
    "maxResTime" : 837.0,
    "pct1ResTime" : 531.7,
    "pct2ResTime" : 553.9,
    "pct3ResTime" : 834.7799999999988,
    "throughput" : 1.0026771479851202,
    "receivedKBytesPerSec" : 1.2582423194930463,
    "sentKBytesPerSec" : 0.2878780092847904
  },
  "Home/submit/firefox-desktop/newtab/1/e4643b50-a43e-43b0-8c77-cdea35172535-447" : {
    "transaction" : "Home/submit/firefox-desktop/newtab/1/e4643b50-a43e-43b0-8c77-cdea35172535-447",
    "sampleCount" : 100,
    "errorCount" : 1,
    "errorPct" : 1.0,
    "meanResTime" : 300.4700000000001,
    "medianResTime" : 295.5,
    "minResTime" : 242.0,
    "maxResTime" : 806.0,
    "pct1ResTime" : 324.0,
    "pct2ResTime" : 333.0,
    "pct3ResTime" : 802.009999999998,
    "throughput" : 1.0036432249064104,
    "receivedKBytesPerSec" : 0.8088051031494324,
    "sentKBytesPerSec" : 3.0991405050332705
  },
  "Home/complete/search-444" : {
    "transaction" : "Home/complete/search-444",
    "sampleCount" : 100,
    "errorCount" : 100,
    "errorPct" : 100.0,
    "meanResTime" : 419.50000000000006,
    "medianResTime" : 437.5,
    "minResTime" : 251.0,
    "maxResTime" : 559.0,
    "pct1ResTime" : 528.4000000000001,
    "pct2ResTime" : 540.75,
    "pct3ResTime" : 558.97,
    "throughput" : 1.00409671459555,
    "receivedKBytesPerSec" : 1.2600237092336735,
    "sentKBytesPerSec" : 0.2873050169692345
  },
  "Home/public/img/service/Training.jpg-451" : {
    "transaction" : "Home/public/img/service/Training.jpg-451",
    "sampleCount" : 100,
    "errorCount" : 0,
    "errorPct" : 0.0,
    "meanResTime" : 65.13,
    "medianResTime" : 54.0,
    "minResTime" : 31.0,
    "maxResTime" : 231.0,
    "pct1ResTime" : 102.80000000000001,
    "pct2ResTime" : 133.95,
    "pct3ResTime" : 230.8499999999999,
    "throughput" : 1.006198180793689,
    "receivedKBytesPerSec" : 195.81952955204056,
    "sentKBytesPerSec" : 0.46379447395959106
  },
  "Home/home/ra-454" : {
    "transaction" : "Home/home/ra-454",
    "sampleCount" : 100,
    "errorCount" : 0,
    "errorPct" : 0.0,
    "meanResTime" : 46.530000000000015,
    "medianResTime" : 42.5,
    "minResTime" : 26.0,
    "maxResTime" : 95.0,
    "pct1ResTime" : 67.9,
    "pct2ResTime" : 74.94999999999999,
    "pct3ResTime" : 94.96999999999998,
    "throughput" : 1.006269056220252,
    "receivedKBytesPerSec" : 4.919319233826741,
    "sentKBytesPerSec" : 0.4874115741066847
  },
  "Home/public/img/program/pg-ds.jpg-449" : {
    "transaction" : "Home/public/img/program/pg-ds.jpg-449",
    "sampleCount" : 100,
    "errorCount" : 0,
    "errorPct" : 0.0,
    "meanResTime" : 75.94,
    "medianResTime" : 62.0,
    "minResTime" : 31.0,
    "maxResTime" : 275.0,
    "pct1ResTime" : 130.8,
    "pct2ResTime" : 141.95,
    "pct3ResTime" : 274.8499999999999,
    "throughput" : 1.0060868252930226,
    "receivedKBytesPerSec" : 113.93442043110821,
    "sentKBytesPerSec" : 0.46079562603752705
  },
  "Home/-446" : {
    "transaction" : "Home/-446",
    "sampleCount" : 100,
    "errorCount" : 0,
    "errorPct" : 0.0,
    "meanResTime" : 44.149999999999984,
    "medianResTime" : 37.0,
    "minResTime" : 22.0,
    "maxResTime" : 163.0,
    "pct1ResTime" : 75.70000000000002,
    "pct2ResTime" : 85.84999999999997,
    "pct3ResTime" : 162.5999999999998,
    "throughput" : 1.006876969703072,
    "receivedKBytesPerSec" : 7.37065406727952,
    "sentKBytesPerSec" : 0.44050867424509405
  },
  "Home/public/img/service/Outreach.jpg-453" : {
    "transaction" : "Home/public/img/service/Outreach.jpg-453",
    "sampleCount" : 100,
    "errorCount" : 0,
    "errorPct" : 0.0,
    "meanResTime" : 72.41000000000003,
    "medianResTime" : 58.5,
    "minResTime" : 28.0,
    "maxResTime" : 234.0,
    "pct1ResTime" : 128.30000000000004,
    "pct2ResTime" : 157.79999999999995,
    "pct3ResTime" : 233.89999999999995,
    "throughput" : 1.0060868252930226,
    "receivedKBytesPerSec" : 188.0223005432869,
    "sentKBytesPerSec" : 0.4637431460335027
  },
  "Total" : {
    "transaction" : "Total",
    "sampleCount" : 1300,
    "errorCount" : 201,
    "errorPct" : 15.461538,
    "meanResTime" : 124.21153846153838,
    "medianResTime" : 50.0,
    "minResTime" : 6.0,
    "maxResTime" : 837.0,
    "pct1ResTime" : 378.9000000000001,
    "pct2ResTime" : 472.95000000000005,
    "pct3ResTime" : 541.99,
    "throughput" : 12.911042914320332,
    "receivedKBytesPerSec" : 673.1861711091827,
    "sentKBytesPerSec" : 8.199365745016834
  },
  "Home/public/img/service/Consultancy.jpg-452" : {
    "transaction" : "Home/public/img/service/Consultancy.jpg-452",
    "sampleCount" : 100,
    "errorCount" : 0,
    "errorPct" : 0.0,
    "meanResTime" : 61.50999999999998,
    "medianResTime" : 51.0,
    "minResTime" : 25.0,
    "maxResTime" : 266.0,
    "pct1ResTime" : 107.10000000000005,
    "pct2ResTime" : 132.89999999999998,
    "pct3ResTime" : 265.09999999999957,
    "throughput" : 1.0061070699143804,
    "receivedKBytesPerSec" : 154.79998748654333,
    "sentKBytesPerSec" : 0.46670005684504945
  },
  "Home/-455" : {
    "transaction" : "Home/-455",
    "sampleCount" : 100,
    "errorCount" : 0,
    "errorPct" : 0.0,
    "meanResTime" : 37.719999999999985,
    "medianResTime" : 33.0,
    "minResTime" : 20.0,
    "maxResTime" : 109.0,
    "pct1ResTime" : 56.900000000000006,
    "pct2ResTime" : 78.64999999999992,
    "pct3ResTime" : 108.88999999999994,
    "throughput" : 1.0063601964415103,
    "receivedKBytesPerSec" : 7.366871125513244,
    "sentKBytesPerSec" : 0.4402825859431608
  },
  "Home/home/pg_cc-456" : {
    "transaction" : "Home/home/pg_cc-456",
    "sampleCount" : 100,
    "errorCount" : 0,
    "errorPct" : 0.0,
    "meanResTime" : 31.460000000000015,
    "medianResTime" : 25.5,
    "minResTime" : 14.0,
    "maxResTime" : 139.0,
    "pct1ResTime" : 57.60000000000002,
    "pct2ResTime" : 69.79999999999995,
    "pct3ResTime" : 138.85999999999993,
    "throughput" : 1.0063500689349798,
    "receivedKBytesPerSec" : 4.543316766295323,
    "sentKBytesPerSec" : 0.49039910585796376
  }
}