{
  "Notice/home/notice-459" : {
    "transaction" : "Notice/home/notice-459",
    "sampleCount" : 100,
    "errorCount" : 1,
    "errorPct" : 1.0,
    "meanResTime" : 43.17999999999999,
    "medianResTime" : 39.0,
    "minResTime" : 20.0,
    "maxResTime" : 133.0,
    "pct1ResTime" : 77.0,
    "pct2ResTime" : 82.0,
    "pct3ResTime" : 132.65999999999983,
    "throughput" : 1.0042681395932713,
    "receivedKBytesPerSec" : 3.513957757971378,
    "sentKBytesPerSec" : 0.5001726085864926
  },
  "Notice/home/notice-457" : {
    "transaction" : "Notice/home/notice-457",
    "sampleCount" : 100,
    "errorCount" : 0,
    "errorPct" : 0.0,
    "meanResTime" : 37.69,
    "medianResTime" : 33.5,
    "minResTime" : 18.0,
    "maxResTime" : 111.0,
    "pct1ResTime" : 60.80000000000001,
    "pct2ResTime" : 69.84999999999997,
    "pct3ResTime" : 110.83999999999992,
    "throughput" : 1.0045203415369162,
    "receivedKBytesPerSec" : 3.514840218483174,
    "sentKBytesPerSec" : 0.5002982169763938
  },
  "Total" : {
    "transaction" : "Total",
    "sampleCount" : 300,
    "errorCount" : 4,
    "errorPct" : 1.3333334,
    "meanResTime" : 44.19,
    "medianResTime" : 38.5,
    "minResTime" : 18.0,
    "maxResTime" : 157.0,
    "pct1ResTime" : 70.0,
    "pct2ResTime" : 82.94999999999999,
    "pct3ResTime" : 141.91000000000008,
    "throughput" : 3.0112318949682315,
    "receivedKBytesPerSec" : 105.30881751432845,
    "sentKBytesPerSec" : 1.5075763849157358
  },
  "Notice/home/download/1300-458" : {
    "transaction" : "Notice/home/download/1300-458",
    "sampleCount" : 100,
    "errorCount" : 3,
    "errorPct" : 3.0,
    "meanResTime" : 51.70000000000001,
    "medianResTime" : 45.0,
    "minResTime" : 25.0,
    "maxResTime" : 157.0,
    "pct1ResTime" : 80.80000000000001,
    "pct2ResTime" : 99.49999999999989,
    "pct3ResTime" : 156.90999999999997,
    "throughput" : 1.004298397139758,
    "receivedKBytesPerSec" : 98.33885906680592,
    "sentKBytesPerSec" : 0.5080337594906198
  }
}