{
  "Total" : {
    "transaction" : "Total",
    "sampleCount" : 1000,
    "errorCount" : 100,
    "errorPct" : 10.0,
    "meanResTime" : 189.94699999999995,
    "medianResTime" : 142.5,
    "minResTime" : 15.0,
    "maxResTime" : 1014.0,
    "pct1ResTime" : 417.79999999999995,
    "pct2ResTime" : 460.89999999999986,
    "pct3ResTime" : 607.9200000000001,
    "throughput" : 9.936900680677697,
    "receivedKBytesPerSec" : 56.297510806379485,
    "sentKBytesPerSec" : 9.087800280717444
  },
  "Moodle/v1/profile-435" : {
    "transaction" : "Moodle/v1/profile-435",
    "sampleCount" : 100,
    "errorCount" : 100,
    "errorPct" : 100.0,
    "meanResTime" : 426.53999999999985,
    "medianResTime" : 399.5,
    "minResTime" : 320.0,
    "maxResTime" : 801.0,
    "pct1ResTime" : 539.0,
    "pct2ResTime" : 594.3999999999999,
    "pct3ResTime" : 799.6899999999994,
    "throughput" : 1.006228554753927,
    "receivedKBytesPerSec" : 0.630858136867208,
    "sentKBytesPerSec" : 1.2695774343184312
  },
  "Moodle/moodle/-437" : {
    "transaction" : "Moodle/moodle/-437",
    "sampleCount" : 100,
    "errorCount" : 0,
    "errorPct" : 0.0,
    "meanResTime" : 216.89999999999998,
    "medianResTime" : 188.0,
    "minResTime" : 152.0,
    "maxResTime" : 944.0,
    "pct1ResTime" : 264.70000000000005,
    "pct2ResTime" : 340.99999999999955,
    "pct3ResTime" : 943.89,
    "throughput" : 1.0075871310971616,
    "receivedKBytesPerSec" : 11.887747157974548,
    "sentKBytesPerSec" : 0.4477071725089927
  },
  "Moodle/moodle/course/view.php-441-1" : {
    "transaction" : "Moodle/moodle/course/view.php-441-1",
    "sampleCount" : 100,
    "errorCount" : 0,
    "errorPct" : 0.0,
    "meanResTime" : 40.91000000000001,
    "medianResTime" : 30.0,
    "minResTime" : 15.0,
    "maxResTime" : 161.0,
    "pct1ResTime" : 75.80000000000001,
    "pct2ResTime" : 100.89999999999998,
    "pct3ResTime" : 160.66999999999985,
    "throughput" : 1.009550346275769,
    "receivedKBytesPerSec" : 1.98163691017021,
    "sentKBytesPerSec" : 0.5274506203686877
  },
  "Moodle/moodle/course/view.php-441-0" : {
    "transaction" : "Moodle/moodle/course/view.php-441-0",
    "sampleCount" : 100,
    "errorCount" : 0,
    "errorPct" : 0.0,
    "meanResTime" : 50.650000000000006,
    "medianResTime" : 43.5,
    "minResTime" : 24.0,
    "maxResTime" : 186.0,
    "pct1ResTime" : 77.0,
    "pct2ResTime" : 99.74999999999994,
    "pct3ResTime" : 185.88999999999993,
    "throughput" : 1.0094688175082274,
    "receivedKBytesPerSec" : 2.0692139140134462,
    "sentKBytesPerSec" : 0.5274080247723648
  },
  "Moodle/moodle/course/view.php-441" : {
    "transaction" : "Moodle/moodle/course/view.php-441",
    "sampleCount" : 100,
    "errorCount" : 0,
    "errorPct" : 0.0,
    "meanResTime" : 137.80999999999997,
    "medianResTime" : 119.0,
    "minResTime" : 78.0,
    "maxResTime" : 387.0,
    "pct1ResTime" : 206.0,
    "pct2ResTime" : 256.1999999999996,
    "pct3ResTime" : 386.96999999999997,
    "throughput" : 1.0086746015735324,
    "receivedKBytesPerSec" : 10.63826643509179,
    "sentKBytesPerSec" : 1.575069031168045
  },
  "Moodle/moodle/course/view.php-441-2" : {
    "transaction" : "Moodle/moodle/course/view.php-441-2",
    "sampleCount" : 100,
    "errorCount" : 0,
    "errorPct" : 0.0,
    "meanResTime" : 46.139999999999986,
    "medianResTime" : 40.0,
    "minResTime" : 28.0,
    "maxResTime" : 148.0,
    "pct1ResTime" : 71.10000000000005,
    "pct2ResTime" : 85.0,
    "pct3ResTime" : 147.6099999999998,
    "throughput" : 1.009214124960893,
    "receivedKBytesPerSec" : 6.594287879590662,
    "sentKBytesPerSec" : 0.5213615938518675
  },
  "Moodle/moodle/my/courses.php-443" : {
    "transaction" : "Moodle/moodle/my/courses.php-443",
    "sampleCount" : 100,
    "errorCount" : 0,
    "errorPct" : 0.0,
    "meanResTime" : 70.47000000000001,
    "medianResTime" : 63.0,
    "minResTime" : 47.0,
    "maxResTime" : 194.0,
    "pct1ResTime" : 97.80000000000001,
    "pct2ResTime" : 124.79999999999995,
    "pct3ResTime" : 193.49999999999974,
    "throughput" : 1.009315986555911,
    "receivedKBytesPerSec" : 8.689619248160522,
    "sentKBytesPerSec" : 0.5204285555678917
  },
  "Moodle/complete/search-436" : {
    "transaction" : "Moodle/complete/search-436",
    "sampleCount" : 100,
    "errorCount" : 0,
    "errorPct" : 0.0,
    "meanResTime" : 328.89000000000016,
    "medianResTime" : 306.5,
    "minResTime" : 259.0,
    "maxResTime" : 918.0,
    "pct1ResTime" : 399.20000000000005,
    "pct2ResTime" : 463.34999999999985,
    "pct3ResTime" : 914.6899999999982,
    "throughput" : 1.006117192530586,
    "receivedKBytesPerSec" : 1.9424350048293626,
    "sentKBytesPerSec" : 0.28788314200338055
  },
  "Moodle/submit/firefox-desktop/newtab/1/6d103e41-e065-47fb-98ba-863943ccfa79-439" : {
    "transaction" : "Moodle/submit/firefox-desktop/newtab/1/6d103e41-e065-47fb-98ba-863943ccfa79-439",
    "sampleCount" : 100,
    "errorCount" : 0,
    "errorPct" : 0.0,
    "meanResTime" : 427.25000000000034,
    "medianResTime" : 410.0,
    "minResTime" : 322.0,
    "maxResTime" : 1014.0,
    "pct1ResTime" : 478.5,
    "pct2ResTime" : 554.1499999999999,
    "pct3ResTime" : 1011.0099999999984,
    "throughput" : 1.005388884420494,
    "receivedKBytesPerSec" : 0.8037318307377543,
    "sentKBytesPerSec" : 3.0259849040859006
  },
  "Moodle/moodle/-440" : {
    "transaction" : "Moodle/moodle/-440",
    "sampleCount" : 100,
    "errorCount" : 0,
    "errorPct" : 0.0,
    "meanResTime" : 153.91000000000003,
    "medianResTime" : 149.0,
    "minResTime" : 128.0,
    "maxResTime" : 228.0,
    "pct1ResTime" : 184.70000000000002,
    "pct2ResTime" : 204.89999999999998,
    "pct3ResTime" : 227.90999999999997,
    "throughput" : 1.0084406482256487,
    "receivedKBytesPerSec" : 11.896369487611308,
    "sentKBytesPerSec" : 0.5091443507154887
  }
}